sbsconfig,runnum,target,sbsmagcurr(A),bbmagcurr(A),ebeam_mean(GeV),ebeam_std(GeV),charge(C),DAQltime
4,11449,LD2,630,750,3.73954800541667,0.000227884379623,0.00259686,0
4,11451,LD2,630,750,3.73934434445946,0.000214506828152,0.00217609,0
4,11452,LD2,630,750,3.73943602365079,0.000128201977711,0.00898508,0
4,11456,LD2,630,750,3.73941375583333,0.00017533923785,0.00732743,0
4,11493,LD2,630,750,3.73920992940741,0.000346081936229,0.00236925,0
4,11494,LD2,630,750,3.73907501811828,0.00010248189147,0.00335627,0
4,11495,LD2,630,750,3.73915884454545,0.000107082857082,0.00342057,0
4,11496,LD2,630,750,3.73908159493827,8.79200678784433E-05,0.00304391,0
4,11551,LD2,630,750,3.73920846712121,0.000187314967793,0.00132071,0
4,11554,LD2,630,750,3.73917625754386,0.000199008747621,0.000869628,0
4,11562,LD2,630,750,3.739323417,0.000134481104653,0.00336828,0
4,11563,LD2,630,750,3.739350498,4.41015955870392E-05,0.00075669,0
4,11564,LD2,630,750,3.73934059741935,3.55591595696064E-05,0.00192168,0
4,11565,LD2,630,750,3.73930925559524,0.000122787572341,0.00251332,0
4,11568,LD2,630,750,3.73933698632184,4.90943319115583E-05,0.00269407,0
4,11570,LD2,630,750,3.73929887188679,0.00012684871154,0.00145423,0
4,11571,LD2,630,750,3.73931567957143,8.99208011181723E-05,0.00206349,0
4,11579,LD2,0,750,3.73932257368159,9.73018283198522E-05,0.00584684,0
4,11580,LD2,0,750,3.73932753275862,9.87073110890776E-05,0.00170179,0
4,11581,LD2,0,750,3.73932809295775,9.65558563792464E-05,0.00411985,0
4,11582,LD2,0,750,3.73930379011364,0.00010256132494,0.00253737,0
4,11583,LD2,0,750,3.73919048679348,0.000174633720597,0.00336685,0
4,11586,LD2,0,750,3.73927801747253,0.000129902279916,0.00483441,0
4,11593,LD2,1050,750,3.73933011751479,0.000205442325662,0.00392495,0
4,11594,LD2,1050,750,3.73933353818182,0.000189008376882,0.00108199,0
4,11595,LD2,1050,750,3.73943421267857,7.25399728422439E-05,0.00170929,0
7,11996,LD2,1785,750,7.9308120075,0.000558672076464,0.00651399,0
7,11997,LD2,1785,750,7.93105435662921,0.000255134095032,0.00342614,0
7,11998,LD2,1785,750,7.93086875537313,0.000816891468114,0.0155879,0
7,11999,LD2,1785,750,7.93097481334975,0.000795408454678,0.0164604,0
7,12001,LD2,1785,750,7.9306633275,0.00086063106578,0.0129417,0
7,12002,LD2,1785,750,7.93108227763547,0.00098627024074,0.0129081,0
7,12004,LD2,1785,750,7.93091771583333,0.000533720291018,0.0109482,0
7,12006,LD2,1785,750,7.9310043475,0.001015261031957,0.0126405,0
7,12013,LD2,1785,750,7.93113655666667,0.000395630036943,0.0123916,0
7,12014,LD2,1785,750,7.93099283456989,0.00061438529544,0.00409855,0
7,12017,LD2,1785,750,7.93117956369458,0.00048769449903,0.0273946,0
7,12019,LD2,1785,750,7.93113045128079,0.000511180171881,0.0197013,0
7,12021,LD2,1785,750,7.93073532857143,0.000570876483512,0.0129128,0
7,12029,LD2,1785,750,7.93083661674877,0.000759103596561,0.0289188,0
7,12030,LD2,1785,750,7.93079200054187,0.000647367586828,0.0277528,0
7,12038,LD2,1785,750,7.9307214446798,0.000397127985607,0.00692662,0
7,12039,LD2,1785,750,7.93070042564103,0.000121016947568,0.00149455,0
7,12040,LD2,1785,750,7.93074978173913,0.00031467682729,0.000620016,0
7,12041,LD2,1785,750,7.93069867833333,0.00041440080783,0.00655155,0
7,12042,LD2,1785,750,7.93068260931034,0.00035399624928,0.00682457,0
7,12043,LD2,1785,750,7.93081512769231,0.000219950810556,0.00895837,0
7,12044,LD2,1785,750,7.93061733943299,0.000347979479284,0.00701956,0
7,12045,LD2,1785,750,7.93059233931034,0.000403094131724,0.0054707,0
7,12046,LD2,1785,750,7.93038106699507,0.000437631138203,0.00521427,0
7,12047,LD2,1785,750,7.93088014596059,0.000380600884409,0.00699298,0
7,12048,LD2,1785,750,7.93078204195312,0.000412895777202,0.00384835,0
7,12050,LD2,1785,750,7.93053588673575,0.000414909726556,0.0335022,0
7,12051,LD2,1785,750,7.93066818192118,0.000252566334833,0.0242493,0
7,12055,LD2,1785,750,7.93026055416667,0.000238192260115,0.0214874,0
7,12056,LD2,1785,750,7.93081102295566,0.000511294762198,0.0186954,0
7,12057,LD2,1785,750,7.93081383926108,0.000523380955731,0.0215622,0
7,12059,LD2,1785,750,7.93085909778325,0.000444947913678,0.0161023,0
7,12060,LD2,1785,750,7.93065079,0.000572644050578,0.00869104,0
7,12062,LD2,1785,750,7.93107982325,0.000362868255807,0.0197624,0
7,12063,LD2,1785,750,7.93097782729064,0.000499297736983,0.0166414,0
7,12065,LD2,1785,750,7.9309362025,0.000557781967742,0.0203831,0
7,12066,LD2,1785,750,7.93073280871921,0.000631251912862,0.00416998,0
7,12068,LD2,1785,750,7.93126719368,0.000210373717019,0.0157438,0
7,12069,LD2,1785,750,7.93114409029197,0.000601727743989,0.00429183,0
7,12070,LD2,1785,750,7.93107408861788,0.000488966963687,0.00391913,0
7,12071,LD2,1785,750,7.93103202881773,0.000519852745676,0.0118818,0
7,12073,LD2,1785,750,7.93103662384236,0.000524156781619,0.00910812,0
11,12314,LD2,2100,750,9.88870426393899,0.000316207804718,0.0440307,0
11,12315,LD2,2100,750,9.8887075486253,0.000393332318274,0.0452146,0
11,12316,LD2,2100,750,9.88889035103448,0.000316330123938,0.00898726,0
11,12318,LD2,2100,750,9.88921937818701,0.000107851678479,0.0164236,0
11,12319,LD2,2100,750,9.8892787175,0.000441628676745,0.0143198,0
11,12321,LD2,2100,750,9.88907030344086,0.00034904746561,0.00515549,0
11,12322,LD2,2100,750,9.88913640719212,0.00034701641273,0.0244069,0
11,12323,LD2,2100,750,9.88933263361446,0.000336876618626,0.00408657,0
11,12333,LD2,2100,750,9.88888578651713,0.000225313237964,0.0873899,0
11,12337,LD2,2100,750,9.88897143140434,0.000307071834266,0.0599664,0
11,12338,LD2,2100,750,9.88910308635897,0.000181842108233,0.0190712,0
11,12339,LD2,2100,750,9.88912923165488,0.000279156681278,0.0358327,0
11,12341,LD2,2100,750,9.88915192383803,0.000544436148524,0.0054298,0
11,12342,LD2,2100,750,9.88912574555985,0.000177412384392,0.0144721,0
11,12343,LD2,2100,750,9.88922108580713,0.000273955088733,0.0120503,0
11,12344,LD2,2100,750,9.88926033896721,0.000189868215277,0.0160235,0
11,12346,LD2,2100,750,9.88934279608916,0.000213077673549,0.0519779,0
11,12347,LD2,2100,750,9.88926974583461,0.000150387958746,0.010298,0
11,12348,LD2,2100,750,9.88921918638568,0.000239391171473,0.0437415,0
11,12349,LD2,2100,750,9.88921424763975,0.000153609830896,0.00859545,0
11,12356,LD2,2100,750,9.88893796358036,0.000291424249706,0.0535093,0
11,12357,LD2,2100,750,9.88921709132597,0.000192645326028,0.00747054,0
11,12359,LD2,2100,750,9.88923661828488,0.000211861626214,0.0577069,0
11,12360,LD2,2100,750,9.88919370802643,0.000273921793911,0.0579585,0
11,12362,LD2,2100,750,9.88913182405063,0.000242764252379,0.0595693,0
11,12364,LD2,2100,750,9.88906712605711,0.00018505152199,0.103423,0
11,12366,LD2,2100,750,9.88914811342007,0.000265337061487,0.0137682,0
11,12371,LD2,2100,750,9.88921774861314,4.57222562163376E-05,0.00282669,0
11,12372,LD2,2100,750,9.88907788591837,0.000221377404016,0.0228393,0
11,12373,LD2,2100,750,9.88908654471601,0.000188303060389,0.0331945,0
11,12374,LD2,2100,750,9.88909402666667,0.000142665903188,0.0295728,0
11,12375,LD2,2100,750,9.88909565189349,0.000140622590891,0.0294369,0
11,12376,LD2,2100,750,9.88914049629779,0.000168028274576,0.0292659,0
11,12377,LD2,2100,750,9.88919351319471,0.00014030982697,0.0296602,0
11,12378,LD2,2100,750,9.88923340777778,0.000134014697413,0.0292717,0
11,12379,LD2,2100,750,9.88917769933539,0.000159830076302,0.0327676,0
11,12383,LD2,2100,750,9.88895632366987,0.000200134399659,0.0312159,0
11,12384,LD2,2100,750,9.88883204321495,0.000199197177512,0.0303347,0
11,12385,LD2,2100,750,9.88885407875,0.000177992484582,0.00469844,0
11,12387,LD2,2100,750,9.88912559533752,0.000212772488334,0.0316486,0
11,12388,LD2,2100,750,9.88917136224652,0.000197559161963,0.030321,0
11,12394,LD2,2100,750,9.88915165660138,0.000213415346743,0.0347764,0
11,12395,LD2,2100,750,9.88904470295676,0.000204509829087,0.0408374,0
11,12396,LD2,2100,750,9.88907959652733,0.000138823805422,0.0329264,0
11,12403,LD2,2100,750,9.88868056655532,0.000281650879471,0.0258613,0
11,12404,LD2,2100,750,9.88875899772234,0.000253312118309,0.0239907,0
11,12405,LD2,2100,750,9.88880137552783,0.000238402062557,0.0293785,0
11,12406,LD2,2100,750,9.88885968961019,0.000291830264041,0.0301303,0
11,12407,LD2,2100,750,9.88864387734824,0.000263885647122,0.0168077,0
11,12408,LD2,2100,750,9.88864395370597,0.000281085800236,0.0379414,0
11,12409,LD2,2100,750,9.88867221231884,0.000305150050893,0.0150185,0
11,12410,LD2,2100,750,9.88910380967071,0.000121985811836,0.0313716,0
11,12411,LD2,2100,750,9.88922862904,6.06472730299625E-05,0.00486168,0
11,12412,LD2,2100,750,9.88910166119777,0.000168787897202,0.0179854,0
11,12416,LD2,2100,750,9.88903838,9.26305480345152E-05,0.0029208,0
11,12423,LD2,2100,750,9.88890990481818,0.000260423826247,0.00897945,0
11,12424,LD2,2100,750,9.88875774539249,0.000210875109148,0.00853978,0
11,12425,LD2,2100,750,9.88877501218861,0.000227391722913,0.0151059,0
11,12473,LD2,2100,750,9.88895308826007,0.000337364189158,0.0157721,0
11,12474,LD2,2100,750,9.88892775230594,0.000207289164285,0.0428121,0
11,12478,LD2,2100,750,9.88896869610829,0.000216697960838,0.0289925,0
11,12479,LD2,2100,750,9.88884481675393,0.00022979702607,0.0292818,0
11,12480,LD2,2100,750,9.88873020571717,0.000198284525322,0.0285203,0
11,12481,LD2,2100,750,9.88897280480144,0.000259825607632,0.0121433,0
11,12482,LD2,2100,750,9.88912578428571,0.000160199153062,0.016247,0
11,12485,LD2,2100,750,9.88893489116451,0.000370227262961,0.0301329,0
11,12486,LD2,2100,750,9.88894071050943,0.000391823716742,0.027601,0
11,12498,LD2,2100,750,9.88914927460265,0.000293131171036,0.0162078,0
11,12499,LD2,2100,750,9.88905433160183,0.000145243443662,0.0265208,0
11,12500,LD2,2100,750,9.88899422925234,0.00011899489533,0.0068212,0
11,12501,LD2,2100,750,9.88905844,0.00028488554908,0.000351186,0
11,12502,LD2,2100,750,9.88897805304029,0.000144309058399,0.0180723,0
11,12512,LD2,2100,750,9.88903268627819,0.000156833487185,0.0307011,0
11,12513,LD2,2100,750,9.88903513609665,0.000155307951453,0.0309957,0
11,12514,LD2,2100,750,9.88903797212569,0.000160969785386,0.0292832,0
11,12515,LD2,2100,750,9.88903728082192,0.000187273893126,0.0167391,0
11,12516,LD2,2100,750,9.88911384111111,0.000162045732855,0.0260071,0
11,12517,LD2,2100,750,9.8889782,0,7.85587E-05,0
11,12521,LD2,2100,750,9.88906441432348,0.000214220547809,0.0319314,0
11,12523,LD2,2100,750,9.88896843256544,0.000316706471111,0.0215826,0
11,12527,LD2,2100,750,9.88911408890351,0.000174712651209,0.0235809,0
11,12532,LD2,2100,750,9.88906293542793,0.000194306569174,0.0268895,0
11,12534,LD2,2100,750,9.88899736989177,0.00017574250503,0.0269938,0
11,12535,LD2,2100,750,9.88909388385135,0.000170874194594,0.0162786,0
11,12536,LD2,2100,750,9.88909469239074,0.000178199837585,0.0209012,0
11,12537,LD2,2100,750,9.88908437009216,0.000158994499989,0.0227891,0
11,12538,LD2,2100,750,9.88915446980198,0.000142039437199,0.00488789,0
11,12539,LD2,2100,750,9.88902093944196,0.00014375141764,0.0273828,0
11,12541,LD2,2100,750,9.88900956397177,0.000234769877769,0.0292565,0
11,12542,LD2,2100,750,9.88912778658536,0.000177326114415,0.0297071,0
11,12543,LD2,2100,750,9.88912709668141,0.000157833421977,0.0408449,0
11,12544,LD2,2100,750,9.88918615742946,8.71865228523776E-05,0.0116271,0
11,12547,LD2,2100,750,9.88912166779005,0.000140146686082,0.0304574,0
11,12549,LD2,2100,750,9.88896602920948,0.00021429049448,0.0308769,0
11,12550,LD2,2100,750,9.88893849943637,0.000239103054629,0.0313421,0
11,12551,LD2,2100,750,9.8888536889703,0.000238238056683,0.0293901,0
11,12552,LD2,2100,750,9.88882090279749,0.000191700717036,0.0284438,0
11,12553,LD2,2100,750,9.88887197480427,0.000212304322517,0.0329768,0
11,12554,LD2,2100,750,9.88892097526786,0.000213216410897,0.0292018,0
11,12556,LD2,2100,750,9.88846919703896,0.000171600899626,0.0243386,0
11,12558,LD2,2100,750,9.88861756910448,0.000238980584405,0.0155902,0
11,12559,LD2,2100,750,9.88866096325758,0.000215754514975,0.038516,0
11,12565,LD2,2100,750,9.88870108430255,0.000194071414044,0.0379649,0
11,12566,LD2,2100,750,9.88862302345534,0.00039409127572,0.0392956,0
11,12567,LD2,2100,750,9.88833472731317,0.000346470885501,0.0387171,0
11,12568,LD2,2100,750,9.88832279561189,0.000401559748858,0.0383185,0
11,12569,LD2,2100,750,9.88854305505338,0.000238129648352,0.0418592,0
11,12570,LD2,2100,750,9.8884730125,0.00025016320327,0.0410193,0
11,12571,LD2,2100,750,9.88869652112727,0.00028771684682,0.0190284,0
11,12572,LD2,2100,750,9.88884963683012,0.000214483185453,0.0380491,0
11,12574,LD2,2100,750,9.88879435300724,0.000305762246228,0.0379548,0
11,12577,LD2,2100,750,9.88866422385185,0.000412284361667,0.00726931,0
11,12580,LD2,2100,750,9.88873912342906,0.00021404350309,0.0428618,0
11,12581,LD2,2100,750,9.88891282927224,0.000283763320098,0.0384817,0
11,12582,LD2,2100,750,9.88888588584239,0.000306255671333,0.037265,0
11,12583,LD2,2100,750,9.8885737904,0.00028056718712,0.0373525,0
11,12584,LD2,2100,750,9.88874685972495,0.000216518335967,0.0377765,0
11,12585,LD2,2100,750,9.88870267665414,0.000254203853586,0.0383078,0
11,12586,LD2,2100,750,9.88855046725777,0.000290699297893,0.0386498,0
11,12589,LD2,2100,750,9.88866182566484,0.000266263295564,0.0418192,0
11,12590,LD2,2100,750,9.88893330495215,0.000314304393413,0.0241141,0
11,12592,LD2,2100,750,9.88899963100719,0.000224474123742,0.0151632,0
11,12593,LD2,2100,750,9.88896450087859,0.000299633616214,0.0347662,0
11,12597,LD2,2100,750,9.88887222193668,0.000379486224778,0.0382463,0
11,12598,LD2,2100,750,9.88846835686364,0.000287618749486,0.0333886,0
11,12599,LD2,2100,750,9.88898507771429,0.000412677849118,0.00465485,0
11,12614,LD2,2100,750,9.88883858106489,0.000287566171576,0.0381567,0
11,12618,LD2,2100,750,9.888912002,0.000360785256459,0.0126259,0
11,12619,LD2,2100,750,9.8889106792029,0.000338133224092,0.0265123,0
11,12620,LD2,2100,750,9.88899888229927,0.000272719383373,0.0246554,0
11,12623,LD2,2100,750,9.88902479817372,0.000329494296741,0.0135031,0
11,12627,LD2,2100,750,9.889068175,0.000223310985824,0.037402,0
11,12628,LD2,2100,750,9.88914959314465,0.000243863954222,0.00149413,0
11,12638,LD2,2100,750,9.88885233967742,0.0003521500641,0.0399465,0
11,12639,LD2,2100,750,9.8889455671831,0.00018305951841,0.0056843,0
11,12641,LD2,2100,750,9.88890176304167,0.000281147563705,0.0305879,0
11,12642,LD2,2100,750,9.88877524,0.000236499246933,0.00860135,0
11,12643,LD2,2100,750,9.88868223,0.00028472307767,0.0337887,0
11,12644,LD2,2100,750,9.8887880725,0.000385733737975,0.0110741,0
11,12645,LD2,2100,750,9.8884854485258,0.000422546007484,0.0265823,0
11,12647,LD2,2100,750,9.88878195871605,0.000427074697634,0.0171511,0
11,12653,LD2,2100,750,9.88817136143678,0.000353773081353,0.0377997,0
11,12654,LD2,2100,750,9.88823796123457,0.000229862237804,0.000636616,0
11,12655,LD2,2100,750,9.88852877655446,0.000268944088963,0.0378376,0
11,12656,LD2,2100,750,9.88871182411197,0.000210729178472,0.0377384,0
11,12659,LD2,2100,750,9.8888130123993,0.000274623169173,0.0379157,0
11,12660,LD2,2100,750,9.88881789752212,0.000344282464765,0.0361953,0
11,12661,LD2,2100,750,9.88861046852631,0.000284854075035,0.039389,0
11,12662,LD2,2100,750,9.88884686078864,0.000313654484699,0.0165835,0
11,12664,LD2,2100,750,9.88854489524017,0.000483254317146,0.0126762,0
11,12666,LD2,2100,750,9.88852428914893,0.000295805696876,0.00649201,0
11,12671,LD2,2100,750,9.88881559696065,0.000308743410855,0.0464041,0
11,12673,LD2,2100,750,9.88878640521452,0.000234465659767,0.0395827,0
11,12674,LD2,2100,750,9.88872240211475,0.000247355859378,0.0465917,0
11,12678,LD2,2100,750,9.8885010759394,0.000369088284984,0.010902,0
11,12679,LD2,2100,750,9.88848524022452,0.000445102746595,0.0377223,0
11,12680,LD2,2100,750,9.88840780441532,0.000310742835261,0.0380749,0
11,12681,LD2,2100,750,9.88822991534884,7.93134285857209E-05,0.00362505,0
11,12682,LD2,2100,750,9.88830400231054,0.000330845952736,0.0411628,0
11,12683,LD2,2100,750,9.88819088627572,0.000299416830641,0.038366,0
11,12684,LD2,2100,750,9.88801750166667,0.000252528775918,0.0286128,0
11,12686,LD2,2100,750,9.8880850864966,0.000604791717401,0.0388875,0
11,12687,LD2,2100,750,9.887604636098,0.000499022555482,0.042617,0
11,12688,LD2,2100,750,9.88734532209726,0.00057249560491,0.0254666,0
11,12693,LD2,2100,750,9.88894719818182,0.000177723675923,0.0397379,0
11,12694,LD2,2100,750,9.88900011972917,0.000176233565738,0.037682,0
11,12695,LD2,2100,750,9.88899641892925,0.000167244109488,0.0380838,0
11,12697,LD2,2100,750,9.88898086455724,0.000166513434262,0.0356329,0
11,12699,LD2,2100,750,9.88912188178862,0.000105445972567,0.0303305,0
11,12700,LD2,2100,750,9.88921562294118,0.000166189828152,0.0236671,0
11,12701,LD2,2100,750,9.8891947513253,0.000154161555905,0.0380343,0
11,12702,LD2,2100,750,9.88912386016327,0.000179993489932,0.0375477,0
11,12706,LD2,2100,750,9.88913590807273,0.00014146011913,0.0446275,0
11,12707,LD2,2100,750,9.88920083925333,0.000136652836393,0.0467742,0
11,12708,LD2,2100,750,9.88919900101933,0.000138878971861,0.0452781,0
11,12709,LD2,2100,750,9.88919970020942,0.000138827803228,0.0444928,0
11,12710,LD2,2100,750,9.88920182475,0.00015916527991,0.0453735,0
11,12711,LD2,2100,750,9.8891834316879,0.000115971188646,0.046035,0
11,12713,LD2,2100,750,9.889095425625,0.000115800176164,0.00145678,0
11,12714,LD2,2100,750,9.88908139029159,0.000125096254808,0.0472139,0
11,12715,LD2,2100,750,9.88913208493151,0.000148840023485,0.0472666,0
11,12721,LD2,2100,750,9.88916278816921,0.000257401263601,0.0496942,0
11,12722,LD2,2100,750,9.88908675890334,0.000154141053502,0.0418324,0
11,12726,LD2,0,750,9.88904664131696,0.000135118247741,0.0348747,0
11,12728,LD2,0,750,9.88902077678652,0.00018832288957,0.0322573,0
11,12729,LD2,0,750,9.88901972944444,0.000182033088929,0.0505914,0
11,12732,LD2,2100,750,9.88894696464926,0.000191979410862,0.048187,0
11,12733,LD2,2100,750,9.88899263853488,0.000243323466817,0.0252694,0
11,12734,LD2,2100,750,9.88890511957237,0.000241454098114,0.0228194,0
11,12735,LD2,2100,750,9.88888296306709,0.000238033851922,0.0467564,0
11,12737,LD2,2100,750,9.88919273055556,0.000211770878838,0.00477164,0
11,12738,LD2,2100,750,9.88941391550255,0.000180337690252,0.0435297,0
11,12739,LD2,2100,750,9.889296505,0.000164011684799,0.000752784,0
11,12740,LD2,2100,750,9.88942416572447,0.000185048082591,0.0305349,0
11,12742,LD2,2100,750,9.88887737210526,0.000268145674967,0.0279123,0
11,12743,LD2,2100,750,9.88932930210389,0.000212182751051,0.0228397,0
11,12767,LD2,2100,750,9.88947385811563,0.000210678973842,0.034853,0
11,12768,LD2,2100,750,9.88939952584245,0.000243980299464,0.0175644,0
11,12769,LD2,2100,750,9.88951773241627,0.000231356184394,0.0321345,0
11,12770,LD2,2100,750,9.88944738334,0.000251380067493,0.0658545,0
11,12771,LD2,2100,750,9.88951946657351,0.000236577376796,0.0658053,0
11,12772,LD2,2100,750,9.88937004629668,0.000200751126632,0.0703641,0
11,12773,LD2,2100,750,9.88934836217207,0.000145915710297,0.041975,0
11,12778,LD2,2100,750,9.88942445521591,0.000197807173571,0.0637096,0
11,12779,LD2,2100,750,9.8893216808922,0.000204830566609,0.0385107,0
11,12781,LD2,2100,750,9.88920656335283,0.000234419986175,0.0399121,0
11,12782,LD2,2100,750,9.88934401557185,0.000195586501723,0.0245601,0
11,12796,LD2,2100,750,9.88925113757576,9.54593705358063E-05,0.00303239,0
11,12797,LD2,2100,750,9.8893269859466,0.000190534679979,0.0333821,0
11,12798,LD2,2100,750,9.88945632889156,0.000229069402598,0.0319386,0
11,12799,LD2,2100,750,9.88950082653846,0.000229636934556,0.0344482,0
11,12801,LD2,2100,750,9.88942883841216,0.000198290076732,0.0441466,0
11,12802,LD2,2100,750,9.88949580818,0.000225451836396,0.0399898,0
11,12813,LD2,2100,750,9.88923498324647,0.000160760743613,0.0585459,0
11,12814,LD2,2100,750,9.88938416891709,0.000176411566779,0.0445872,0
11,12815,LD2,2100,750,9.88953109935088,0.000217004138595,0.0458632,0
11,12816,LD2,2100,750,9.88961509692432,0.000235658270024,0.0451735,0
11,12817,LD2,2100,750,9.8897295510849,0.000274826983971,0.0473818,0
11,12819,LD2,2100,750,9.88967693995,0.000293689249288,0.0451731,0
11,12820,LD2,2100,750,9.88958472343023,0.000255889408517,0.0667768,0
11,12824,LD2,2100,750,9.88946360374571,0.000206970485945,0.0439079,0
11,12825,LD2,2100,750,9.88949862631083,0.000238462740687,0.0444574,0
11,12826,LD2,2100,750,9.8894789035,0.000205926038011,0.0456494,0
11,12827,LD2,2100,750,9.88949259571429,0.000198818146798,0.0447899,0
11,12828,LD2,2100,750,9.88939873146959,0.000226231019332,0.0458212,0
11,12829,LD2,2100,750,9.88929507882759,0.000180950459493,0.0448648,0
11,12830,LD2,2100,750,9.88927690295238,0.00020855245448,0.0299331,0
11,12894,LD2,2100,750,9.88778769422735,0.00054696088898,0.0461564,0
11,12896,LD2,2100,750,9.88855618617954,0.000292480275156,0.0387931,0
11,12897,LD2,2100,750,9.88883200605341,0.000448840847874,0.0287766,0
11,12902,LD2,2100,750,9.88892834792079,0.000948628441535,0.0181434,0
11,12903,LD2,2100,750,9.8884333704,0.000558887344407,0.00187624,0
11,12904,LD2,2100,750,9.88904941160888,0.000646338065946,0.0365614,0
11,12906,LD2,2100,750,9.88919641060606,0.000191801644176,0.0392034,0
11,12907,LD2,2100,750,9.88924973702663,0.000190225755188,0.0488007,0
11,12908,LD2,2100,750,9.88931240474359,0.000217816256603,0.0403735,0
11,12909,LD2,2100,750,9.88929331312796,0.000200824397205,0.0489636,0
11,12911,LD2,2100,750,9.88923603,0.000163896670051,0.00416045,0
11,12912,LD2,2100,750,9.88916648219033,0.000228643504985,0.0378917,0
11,12913,LD2,2100,750,9.88915253587629,0.000127195956384,0.00452048,0
11,12914,LD2,2100,750,9.88921361617801,0.0001842953215,0.0149766,0
11,12915,LD2,2100,750,9.88924683205714,0.000203298781181,0.0281131,0
11,12916,LD2,2100,750,9.88924810002016,0.000235775334162,0.0376072,0
11,12917,LD2,2100,750,9.88938867775,0.000261259476149,0.0377691,0
11,12918,LD2,2100,750,9.889591910625,0.000314593663608,0.0383568,0
11,12919,LD2,2100,750,9.88942778697193,0.000213982712469,0.0376852,0
11,12920,LD2,2100,750,9.88953827109215,0.000265853440122,0.0406573,0
11,12921,LD2,2100,750,9.88966012059524,0.000246159007735,0.013516,0
11,12932,LD2,2100,750,9.88949731862069,0.00026773338535,0.0401667,0
11,12933,LD2,2100,750,9.88946388114228,0.000254884122272,0.036749,0
11,12934,LD2,2100,750,9.88971143916318,0.000351872859196,0.0195017,0
11,12935,LD2,2100,750,9.88969710650672,0.000270070377798,0.0407854,0
11,12936,LD2,2100,750,9.88948933902549,0.000290812606812,0.0377189,0
11,12939,LD2,2100,750,9.88885712357143,0.000401988345323,0.0446115,0
11,12940,LD2,2100,750,9.88874499852615,0.00036027609423,0.0397636,0
11,12946,LD2,2100,750,9.88859596865285,0.00032891824404,0.0149988,0
11,12957,LD2,2100,750,9.88897630669663,0.000194600806983,0.0359213,0
11,12961,LD2,2100,750,9.88890903821721,0.000195076274284,0.0388341,0
11,12962,LD2,2100,750,9.88888780514523,0.000172422870144,0.0193925,0
11,12963,LD2,2100,750,9.889028976875,0.000164207964077,0.0140531,0
11,12965,LD2,2100,750,9.88898907447563,0.000182627489374,0.0505289,0
11,12968,LD2,2100,750,9.88893196211618,0.000186955516452,0.0395007,0
11,12969,LD2,2100,750,9.88890972125703,0.000185593273554,0.0430789,0
11,12970,LD2,2100,750,9.88894439874003,0.000245503271541,0.0420064,0
11,12971,LD2,2100,750,9.8888487848785,0.000187117768272,0.0441512,0
11,12972,LD2,2100,750,9.88870209070295,0.000272282591082,0.0353741,0
11,12975,LD2,2100,750,9.88911229234899,0.000169366288169,0.0192802,0
11,12976,LD2,2100,750,9.88909357398844,0.000153729958525,0.024976,0
11,12977,LD2,2100,750,9.88913232111111,0.000189824458866,0.0116019,0
11,12979,LD2,2100,750,9.88890350289474,0.000179005911298,0.00637626,0
11,12980,LD2,2100,750,9.88905064560241,0.000176034016948,0.0100216,0
11,12982,LD2,2100,750,9.8885444524196,0.000324471481097,0.0482115,0
11,12983,LD2,2100,750,9.88890551884058,0.000265210929602,0.0479247,0
11,12984,LD2,2100,750,9.88917075630114,0.00016379946959,0.00932266,0
11,12986,LD2,2100,750,9.88904797328011,0.000251043932329,0.0490543,0
11,12987,LD2,2100,750,9.88905387314894,0.000230096071251,0.0493038,0
11,12988,LD2,2100,750,9.88899113123967,0.000264711091601,0.0497797,0
11,12989,LD2,2100,750,9.88900539762791,0.00030169737596,0.013439,0
11,13000,LD2,2100,750,9.8886876993217,0.000244126985918,0.0420172,0
11,13029,LD2,2100,750,9.8887255104007,0.000267510927658,0.0428072,0
11,13030,LD2,2100,750,9.88878782154514,0.000248412067555,0.045528,0
11,13034,LD2,2100,750,9.88895840581272,0.000283327795921,0.0435832,0
11,13035,LD2,2100,750,9.88928736428312,0.000245678581295,0.0336411,0
11,13036,LD2,2100,750,9.88938861455284,0.000248833465798,0.0163112,0
11,13038,LD2,2100,750,9.88904481228261,0.00037724683535,0.0627802,0
11,13039,LD2,2100,750,9.88905957626573,0.000506872229292,0.0497984,0
11,13040,LD2,2100,750,9.88895821289244,0.000412654026323,0.0528696,0
11,13044,LD2,2100,750,9.88886305487319,0.000160744742007,0.0436298,0
11,13045,LD2,2100,750,9.88903297595111,0.000247968390245,0.041113,0
11,13048,LD2,2100,750,9.88919792583333,0.000178920401088,0.00102802,0
11,13049,LD2,2100,750,9.88887469380481,0.000290284422766,0.0423277,0
11,13050,LD2,2100,750,9.88884052543795,0.000242764587287,0.0416158,0
11,13051,LD2,2100,750,9.88889651961471,0.000263770574616,0.0404009,0
11,13052,LD2,2100,750,9.88892839920696,0.000243845973122,0.0309938,0
11,13053,LD2,2100,750,9.88891993047619,0.00020337021628,0.0207277,0
11,13054,LD2,2100,750,9.88889774545455,0.000233528033626,0.0410317,0
11,13055,LD2,2100,750,9.88890699938272,0.000175069760803,0.0306249,0
11,13058,LD2,2100,750,9.88882397803419,0.000241772959891,0.0436778,0
11,13059,LD2,2100,750,9.88882560474672,0.00026131445959,0.0369446,0
11,13060,LD2,2100,750,9.88877574644214,0.000220684145396,0.0441717,0
11,13061,LD2,2100,750,9.88884210470978,0.000230101725572,0.0446735,0
11,13062,LD2,2100,750,9.88897025454819,0.000217241822441,0.0462391,0
11,13063,LD2,2100,750,9.88895647550787,0.000229555367128,0.0486673,0
14,13305,LD2,1470,750,5.98268098733333,0.000151225911368,0.0231078,0
14,13306,LD2,1470,750,5.98272598850598,0.000223713661069,0.028247,0
14,13307,LD2,1470,750,5.98276126072824,0.000330888100266,0.0281883,0
14,13308,LD2,1470,750,5.98265827213861,0.000186096907644,0.0299594,0
14,13309,LD2,1470,750,5.98272538451613,0.000296062479888,0.0280194,0
14,13314,LD2,1470,750,5.98284074955912,0.000256980851491,0.0273605,0
14,13315,LD2,1470,750,5.98304664404762,0.00035236475532,0.00857957,0
14,13316,LD2,1470,750,5.98321870043716,0.000333242126417,0.00291916,0
14,13317,LD2,1470,750,5.98287839380869,0.000256488395274,0.0311946,0
14,13318,LD2,1470,750,5.98292859385762,0.000270016061985,0.0324308,0
14,13319,LD2,1470,750,5.98299208504174,0.000290498585033,0.0278241,0
14,13322,LD2,1470,750,5.98273013540338,0.000383164622067,0.0259413,0
14,13323,LD2,1470,750,5.98274698151515,0.000394354668642,0.0287459,0
14,13324,LD2,1470,750,5.98274305174274,0.000336920323162,0.0244182,0
14,13325,LD2,1470,750,5.98271610267823,0.000319074161211,0.0274813,0
14,13342,LD2,1470,750,5.98288252466942,0.000349813314609,0.0109945,0
14,13344,LD2,1470,750,5.98280251406977,0.00033911706202,0.0167084,0
14,13353,LD2,1470,750,5.98253770274286,0.000238433547195,0.0127035,0
14,13357,LD2,1470,750,5.98268233194064,0.000404792226561,0.0407567,0
14,13358,LD2,1470,750,5.98252669532567,0.000248268984776,0.0374948,0
14,13359,LD2,1470,750,5.98257016972826,0.000306957393203,0.0369504,0
14,13360,LD2,1470,750,5.98258531224771,0.000313989884154,0.0446254,0
14,13361,LD2,1470,750,5.98259162289394,0.000321376554938,0.0442051,0
14,13362,LD2,1470,750,5.98255619280412,0.00025465099843,0.03385,0
14,13363,LD2,1470,750,5.98274681439058,0.000474437250545,0.038716,0
14,13364,LD2,1470,750,5.982880305625,0.000512034019872,0.0384291,0
14,13368,LD2,1470,750,5.98255387723361,0.000410730871685,0.0322539,0
14,13369,LD2,1470,750,5.98255724235294,0.000412165044404,0.0382812,0
14,13370,LD2,1470,750,5.98248963369231,0.000353498305073,0.0320141,0
14,13371,LD2,1470,750,5.98306006464098,0.000514069271203,0.0160376,0
14,13372,LD2,1470,750,5.98268241189607,0.000519647160282,0.0363842,0
14,13373,LD2,1470,750,5.98252071892272,0.000433606568021,0.027633,0
14,13381,LD2,1470,750,5.9826328122807,0.000173165010952,0.0371581,0
14,13382,LD2,1470,750,5.98267794143627,0.000284178794415,0.0370806,0
14,13384,LD2,1470,750,5.98268555615652,0.000334961849098,0.0369961,0
14,13385,LD2,1470,750,5.98261885452504,0.000273846502361,0.0394705,0
14,13387,LD2,1470,750,5.98265489587719,0.000343221209552,0.0373004,0
14,13388,LD2,1470,750,5.98267354638047,0.000368970907238,0.0379763,0
14,13389,LD2,1470,750,5.98265631405594,0.000386276094126,0.0181057,0
14,13390,LD2,1470,750,5.98263243897196,0.000324827502126,0.00775722,0
14,13391,LD2,1470,750,5.98263558980273,0.000368757508741,0.0431108,0
14,13392,LD2,1470,750,5.98250646562044,0.000285386938476,0.00995498,0
14,13393,LD2,1470,750,5.98264233534151,0.000434306089874,0.0352998,0
14,13394,LD2,1470,750,5.9830509291833,0.000506534693062,0.0163465,0
14,13395,LD2,1470,750,5.982548965,0.000329224682213,0.00932977,0
14,13398,LD2,1470,750,5.98247216157371,0.000232121584431,0.0372927,0
14,13399,LD2,1470,750,5.98242557267442,0.00017101124751,0.00663063,0
14,13400,LD2,1470,750,5.98249416437858,0.00032928199233,0.0368513,0
14,13402,LD2,1470,750,5.98249982555555,0.000375079128864,0.0365041,0
14,13403,LD2,1470,750,5.98252929641463,0.000306722647833,0.0294742,0
14,13406,LD2,1470,750,5.98251719765705,0.000388281104106,0.0401949,0
14,13407,LD2,1470,750,5.98252024034031,0.000405914667823,0.0507153,0
8,13453,LD2,1470,750,5.98264354586584,0.000339650071096,0.0129936,0
8,13454,LD2,1470,750,5.98275277657636,0.000430034025079,0.00720362,0
8,13455,LD2,1470,750,5.98269948012987,0.000391253757413,0.00602724,0
8,13468,LD2,0,750,5.98268179626415,0.000295279209386,0.0187287,0
8,13470,LD2,0,750,5.98276690929603,0.000341773973426,0.0177337,0
8,13472,LD2,0,750,5.98270566966292,0.000314368896427,0.0180134,0
8,13473,LD2,0,750,5.9826533596,0.000243883570017,0.0153094,0
8,13474,LD2,0,750,5.98285724235529,0.000422885594035,0.0172702,0
8,13475,LD2,0,750,5.98278411835,0.000372299691441,0.0130611,0
8,13476,LD2,0,750,5.98280429391304,0.000439219989669,0.0144111,0
8,13477,LD2,0,750,5.98277226282744,0.000419080944106,0.01402,0
8,13478,LD2,0,750,5.98258270711253,0.000308302043125,0.016932,0
8,13479,LD2,0,750,5.98267730340909,0.000490970803681,0.023661,0
8,13491,LD2,1470,750,5.9828145125254,0.000596374281951,0.0145637,0
8,13492,LD2,1470,750,5.98251500586053,0.000355003375736,0.0224178,0
8,13493,LD2,1470,750,5.9825039036417,0.000397844905116,0.0229619,0
8,13494,LD2,1470,750,5.98246008941463,0.000391658768159,0.0207908,0
8,13495,LD2,1470,750,5.98245029380342,0.00038735626141,0.0207388,0
8,13496,LD2,1470,750,5.9825413957764,0.000438548544752,0.0222477,0
8,13497,LD2,1470,750,5.98244254433071,0.000356247910419,0.00874004,0
8,13502,LD2,1470,750,5.98273296220708,0.000377316717569,0.0187394,0
8,13503,LD2,1470,750,5.98267532802985,0.000373289999582,0.019539,0
8,13504,LD2,1470,750,5.98276104473233,0.00042249451559,0.0196494,0
8,13505,LD2,1470,750,5.98264299117409,0.000344000720305,0.0203213,0
8,13544,LD2,2100,750,5.98237353690821,0.000294197087074,0.0185654,0
8,13545,LD2,2100,750,5.98236286290909,0.000307773695299,0.0185414,0
8,13546,LD2,2100,750,5.9823051357,0.00023946168013,0.0186643,0
8,13547,LD2,2100,750,5.98241432461883,0.000433093281839,0.0186687,0
8,13548,LD2,2100,750,5.9823580854321,0.000435148697456,0.0203038,0
8,13549,LD2,2100,750,5.9824695073913,0.00051691986434,0.0258088,0
8,13550,LD2,2100,750,5.98252364976048,0.000484565428602,0.0145543,0
8,13551,LD2,2100,750,5.98294837392857,0.000536595824478,0.00135941,0
8,13552,LD2,2100,750,5.98261655247706,0.000407749391244,0.00819816,0
8,13554,LD2,2100,750,5.98308529358268,0.000512651173268,0.00450273,0
8,13556,LD2,2100,750,5.98242520458537,0.00035812038899,0.015489,0
8,13557,LD2,2100,750,5.9826997855665,0.000567877528065,0.00949024,0
8,13558,LD2,1470,750,5.98250427743494,0.000470860826942,0.0154759,0
8,13559,LD2,1470,750,5.98241644167038,0.000423162963088,0.0149266,0
8,13560,LD2,1470,750,5.98234990084375,0.000456508970234,0.0150673,0
8,13561,LD2,1470,750,5.98238308528767,0.000475880104939,0.0156886,0
8,13562,LD2,1470,750,5.98228494135321,0.000452149233263,0.0147391,0
8,13563,LD2,1470,750,5.9821576973052,0.000302034252909,0.0151036,0
8,13564,LD2,1470,750,5.98205392343173,0.00026466827582,0.0152117,0
8,13565,LD2,1470,750,5.98226320963576,0.000457122990266,0.0144923,0
8,13566,LD2,1470,750,5.9822380820892,0.000426544299387,0.0192713,0
8,13567,LD2,1470,750,5.98225720612691,0.000317933937617,0.0164282,0
8,13568,LD2,1470,750,5.98234011114583,0.000446139961142,0.016087,0
8,13569,LD2,1470,750,5.98231160119231,0.000347268179432,0.0160593,0
8,13570,LD2,1470,750,5.98232271559471,0.000282229994329,0.015272,0
8,13571,LD2,1470,750,5.98230952686099,0.000194682334244,0.0156484,0
8,13581,LD2,1050,750,5.98263912942105,0.000504902089632,0.0105143,0
8,13582,LD2,1050,750,5.98277219292169,0.000468909382619,0.0182867,0
8,13583,LD2,1050,750,5.98253963273913,0.000293810327907,0.0184525,0
8,13584,LD2,1050,750,5.98252675296935,0.000277954119157,0.018542,0
8,13585,LD2,1050,750,5.98269145960912,0.000339605887964,0.0196272,0
8,13586,LD2,1050,750,5.9827164383945,0.000267999477093,0.00736861,0
8,13587,LD2,1470,750,5.98267375108257,0.000269010159893,0.0191965,0
8,13588,LD2,1470,750,5.98304493410287,0.000362438266782,0.0189745,0
8,13589,LD2,1470,750,5.98291881391813,0.000334883918225,0.0187461,0
8,13590,LD2,1470,750,5.98313012431579,0.000248183335952,0.00224019,0
8,13591,LD2,1470,750,5.98287061989983,0.000194811663785,0.0210237,0
8,13592,LD2,1470,750,5.98341862344386,0.000123692140963,0.00101527,0
8,13593,LD2,1470,750,5.98296103328446,0.000442527468693,0.00736507,0
8,13596,LD2,1470,750,5.98250205869757,0.000298705469221,0.0158561,0
8,13597,LD2,1470,750,5.98240547222543,0.000270843929753,0.012419,0
8,13608,LD2,1470,750,5.98253113261959,0.000431260734369,0.0153782,0
8,13609,LD2,1470,750,5.9826022141573,0.000426582583078,0.0150801,0
8,13610,LD2,1470,750,5.98257097665025,0.000418390446545,0.0153057,0
8,13612,LD2,1470,750,5.98244432032178,0.000230963715129,0.0188852,0
8,13613,LD2,1470,750,5.9825405749763,0.000345099053842,0.0161684,0
8,13614,LD2,1470,750,5.98267396574627,0.000449696094962,0.00424375,0
8,13615,LD2,1470,750,5.98254091113835,0.000366434740267,0.0202006,0
8,13616,LD2,1470,750,5.98252965393195,0.000311183373814,0.0196534,0
8,13617,LD2,1470,750,5.98250471264,0.000203625444864,0.020033,0
8,13618,LD2,1470,750,5.982571941167,0.000206145131957,0.0200305,0
8,13619,LD2,1470,750,5.98335162894737,0.000259117967155,0.00167564,0
8,13620,LD2,1470,750,5.98286335012442,0.000395357487997,0.0181309,0
9,13660,LD2,1470,750,4.02679528643333,0.000133239611553,0.00254258,0
9,13661,LD2,1470,750,4.02684096868421,8.88633013165119E-05,0.0193945,0
9,13662,LD2,1470,750,4.02680697138333,0.000124323078891,0.0183652,0
9,13664,LD2,1470,750,4.02686486405213,8.36064930700458E-05,0.0150998,0
9,13665,LD2,1470,750,4.02677973289474,0.000154204279164,0.0092472,0
9,13666,LD2,1470,750,4.02676641393258,0.000170753372176,0.0120509,0
9,13677,LD2,1470,750,4.02677702911833,8.3342764310768E-05,0.0309116,0
9,13678,LD2,1470,750,4.0266811675814,0.000112102882615,0.026066,0
9,13679,LD2,1470,750,4.02676577196429,7.69328941852886E-05,0.0305753,0
9,13680,LD2,1470,750,4.02677246646778,6.15787185392816E-05,0.0300274,0
9,13681,LD2,1470,750,4.02678380467909,5.61970729407209E-05,0.0352728,0
9,13682,LD2,1470,750,4.02672487583333,9.52548298098405E-05,0.00211999,0
9,13684,LD2,1470,750,4.02673883898113,6.06148024187811E-05,0.0371281,0
9,13685,LD2,1470,750,4.02672267142056,6.73407152760197E-05,0.036081,0
9,13686,LD2,1470,750,4.02670410730734,9.60190799729318E-05,0.0615844,0
9,13687,LD2,1470,750,4.0267588441,7.82719169187747E-05,0.0617675,0
9,13688,LD2,1470,750,4.02673771308046,5.42671186116022E-05,0.0311507,0
9,13689,LD2,1470,750,4.02674919215385,3.03564477035796E-05,0.00493796,0
9,13694,LD2,1470,750,4.02671144033058,6.58771564770526E-05,0.0615296,0
9,13695,LD2,1470,750,4.02673524016667,4.70302538874987E-05,0.0173658,0
9,13698,LD2,1470,750,4.026634478,9.63758745835784E-05,0.00190175,0
9,13699,LD2,1470,750,4.02663416306757,9.59194428070069E-05,0.0199993,0
9,13700,LD2,1470,750,4.0266116141791,0.000108120822073,0.0149371,0
9,13710,LD2,1470,750,4.02683816513513,6.29439848072329E-05,0.00832891,0
9,13711,LD2,1470,750,4.02685459716667,6.34485041719155E-05,0.00522394,0
9,13712,LD2,1470,750,4.02685559896403,9.06206417482847E-05,0.0758542,0
9,13714,LD2,1470,750,4.02690869065574,7.72570989831996E-05,0.0749529,0
9,13715,LD2,1470,750,4.02694398527316,8.77015948517178E-05,0.0742229,0
9,13716,LD2,1470,750,4.02696397266212,0.00012891929041,0.0735536,0
9,13717,LD2,1470,750,4.02696691236052,0.000149564393775,0.0187537,0
9,13721,LD2,1470,750,4.02692947869141,0.000105011814611,0.0435925,0
9,13723,LD2,1470,750,4.02699535646535,0.000140735762778,0.0850759,0
9,13724,LD2,1470,750,4.02707743988571,0.00020774646141,0.0145017,0
9,13727,LD2,1470,750,4.02701930419806,0.000178517353114,0.0737204,0
9,13728,LD2,1470,750,4.02701074638372,0.000119421650674,0.0738623,0
9,13729,LD2,1470,750,4.02697779997096,0.00020136173033,0.0762218,0
9,13731,LD2,1470,750,4.02700756751264,0.000190461503292,0.0756742,0
9,13732,LD2,1470,750,4.02692376100156,0.000226112836381,0.0809645,0
9,13734,LD2,1470,750,4.02700425521691,0.000131669268948,0.0725146,0
9,13736,LD2,1470,750,4.02700158940063,0.000127279595692,0.0769201,0
9,13737,LD2,1470,750,4.02683695744928,0.000367477561679,0.0237798,0
9,13746,LD2,1470,750,4.02643745574944,0.000718598753781,0.0546688,0
9,13748,LD2,1470,750,4.02670321457879,0.000568860149322,0.0776923,0
9,13749,LD2,1470,750,4.02674539906626,0.000504612028414,0.0525515,0
9,13753,LD2,1470,750,4.0264158746086,0.000740032050981,0.0540108,0
9,13754,LD2,1470,750,4.02565078034654,0.000597219582051,0.00356059,0
9,13755,LD2,1470,750,4.026708502,0.000625302124365,0.0442855,0
9,13756,LD2,1470,750,4.02651166565217,0.000706460918509,0.00147932,0
9,13757,LD2,1470,750,4.02699108875,4.78750857781613E-05,0.00147072,0
9,13758,LD2,1470,750,4.02700153666667,3.44680826821108E-05,0.00146646,0
9,13760,LD2,1470,750,4.026980808,1.72895456439527E-05,0.00144441,0
9,13761,LD2,1470,750,4.02702360266667,2.78235130440369E-05,0.00146737,0
9,13764,LD2,1470,750,4.02675900287449,0.00057132838942,0.0379567,0
9,13765,LD2,1470,750,4.026865345,0.000448375375404,0.0397089,0
9,13766,LD2,1470,750,4.02694396186147,0.000306427554709,0.0400685,0
9,13767,LD2,1470,750,4.02682221737209,0.000533405846195,0.0340459,0
9,13770,LD2,1470,750,4.02683335456612,0.000491992907349,0.0406726,0
9,13771,LD2,1470,750,4.02696531211009,0.00022567225458,0.00980597,0
9,13773,LD2,1470,750,4.0265566135473,0.000730366348924,0.0390088,0
9,13775,LD2,1470,750,4.02605633568238,0.000819384873752,0.0144313,0
9,13776,LD2,1470,750,4.02689743493294,0.000466585224936,0.0565864,0
9,13777,LD2,1470,750,4.02679443535934,0.000553193210757,0.0388474,0
9,13778,LD2,1470,750,4.02680127706653,0.000537731546149,0.0791555,0
9,13779,LD2,1470,750,4.02679502074795,0.000534558417822,0.0785586,0
9,13793,LD2,1470,750,4.02657953263006,0.000702876125698,0.0240071,0
9,13797,LD2,1470,750,4.02694580796512,0.000260784008781,0.045499,0
9,13798,LD2,1470,750,4.02695758256881,0.000282505384027,0.0383296,0
9,13799,LD2,1470,750,4.02662034370297,0.000677046094075,0.035655,0
